{
	"name": "Hottelom API",
	"version": "1.0.0",
	"description": "API to manage and automate hottlom Vigon",
	"title": "Hottelom API Documentation",
	"url" : "https://api.hottelom.com",
	"order": [
		"Authentication",
			"access_token",
			"authorization_description",
			"reset_password",
		"Users",
			"users_index",
			"users_view",
			"users_add",
			"users_edit",
			"users_delete",
		"Franchises",
			"franchises_index",
			"franchises_view",
		"Shops",
			"shops_index",
			"shops_view",
			"shops_add",
			"shops_edit",
			"shops_delete",
		"Devices",
			"devices_index",
			"devices_view",
			"devices_add",
			"devices_edit",
			"devices_delete",
		"Checkins",
			"checkins_index",
			"checkins_view",
			"checkins_add",
		"Referrals",
			"referrals_index",
			"referrals_view",
			"referrals_add",
		"Rewards",
			"rewards_index",
			"rewards_view",
			"rewards_add",
			"rewards_edit",
			"rewards_delete",
		"Cards",
			"cards_index",
			"cards_view",
			"cards_add",
			"cards_edit",
			"cards_delete"
	],
	"template": {
		"withCompare": true,
		"withGenerator": false,
		"forceLanguage": "en"
	}
}
